<?xml version="1.0" encoding="UTF-8"?>
<plugin-upgrade
        xmlns="http://www.urbancode.com/UpgradeXMLSchema_v1"
        xmlns:xsi="http://www.w3.org/2001/XMLSchema-instance">
		
    <migrate to-version="2">
      <migrate-command name="Execute a DB2 script"/>
    </migrate>
    <migrate to-version="3">
      <migrate-command name="Backup DB2 database"/>
    </migrate>
    <migrate to-version="4">
      <migrate-command name="Run DB2 Command"/>
    </migrate>	
    <migrate to-version="5">
      <migrate-command name="Run DB2 Command"/>
    </migrate>	
    <migrate to-version="6">
      <migrate-command name="Run DB2 Command"/>
    </migrate>
    <migrate to-version="7">
      <migrate-command name="Run DB2 Command"/>
    </migrate>		
	
</plugin-upgrade>